{"min": {"fans_min": 79.39142857142858, "preheat_min": 0.0, "dehum_min": 0.0, "hum_min": 0.0, "heating_min": 0.0, "cooling_min": 0.0}, "max": {"fans_max": 79.39142857142858, "preheat_max": 0.0, "dehum_max": 0.0, "hum_max": 0.0, "heating_max": 180.4355632473154, "cooling_max": 159.18506144731742}, "avg": {"fans_avg": 79.39142857142855, "preheat_avg": 0.0, "dehum_avg": 0.0, "hum_avg": 0.0, "heating_avg": 57.5602141748481, "cooling_avg": 0.7626444215091017}, "total": {"fans_total": 695468.9142857142, "preheat_total": 0.0, "dehum_total": 0.0, "hum_total": 0.0, "heating_total": 504227.4761716694, "cooling_total": 6680.765132419731}, "kpi": {"hvac_total_energy_area": 402.1257185299344, "hvac_heating": 168.07582539055645, "hvac_cooling": 2.226921710806577, "hvac_humidification": 0.0, "hvac_dehumidification": 0.0, "hvac_fans": 231.82297142857138}, "within": {"tdb_hours": 8760.0, "rh_hours": 7124.0, "tdb_rh_hours": 7124.0}, "outside": {"tdb_hours": 0.0, "rh_hours": 1636.0, "tdb_rh_hours": 1636.0}}