{"fans_min": 0.0, "preheat_min": 0.0, "dehum_min": 0.0, "hum_min": 0.0, "heating_min": 0.0, "cooling_min": 0.0, "fans_max": 4.2857142857142865, "preheat_max": 65.57150034666155, "dehum_max": 30.634959906815702, "hum_max": 0.29593657869213047, "heating_max": 25.473705175885232, "cooling_max": 73.71759054620397, "fans_avg": 1.785714285714286, "preheat_avg": 5.657249124208856, "dehum_avg": 0.17099072861967457, "hum_avg": 0.033877979190158364, "heating_avg": 2.8721329222518825, "cooling_avg": 3.456218410106856, "fans_total": 15642.857142857145, "preheat_total": 49557.502328069575, "dehum_total": 1497.8787827083493, "hum_total": 296.77109770578727, "heating_total": 25159.88439892649, "cooling_total": 30276.473272536055, "hvac_total_energy_area": 306.0784175570085, "hvac_heating": 62.89971099731623, "hvac_cooling": 75.69118318134014, "hvac_humidification": 0.7419277442644682, "hvac_dehumidification": 3.744696956770873, "hvac_fans": 39.10714285714286, "tdb_hours_within": 8760, "tdb_hours_outside": 0, "rh_hours_within": 8356, "rh_hours_outside": 404, "tdb_rh_hours_within": 8356, "tdb_rh_hours_outside": 404}