{"supply airflow": {"fans": [695468.9142857142, 676343.519142857, 657218.124, 638092.7288571427, 618967.3337142859, 599841.9385714286, 580716.5434285714], "preheat": [0.0, 0.0, 0.0, 0.0, 0.0, 0.0, 0.0], "heating": [504227.4761716694, 453666.63943487447, 404421.6689986424, 354379.3288517336, 305934.8087657862, 258978.49083607076, 213491.62497004127], "cooling": [6680.765132419731, 8528.180390099074, 10631.453222424758, 13922.329080826878, 17940.19667387591, 23070.209721196257, 30269.415190642627], "dehum": [0.0, 0.0, 0.0, 0.0, 0.0, 0.0, 0.0], "hum": [0.0, 0.0, 0.0, 0.0, 0.0, 0.0, 0.0], "total": [1206377.1555898034, 1138538.3389678306, 1072271.2462210672, 1006394.3867897032, 942842.339153948, 881890.6391286956, 824477.5835892552]}, "temperature control bands": {"fans": [695468.9142857142, 695468.9142857142, 695468.9142857142, 695468.9142857142, 695468.9142857142], "preheat": [0.0, 0.0, 0.0, 0.0, 0.0], "heating": [504227.4761716694, 477827.050392168, 451844.2164700074, 424521.18460799137, 398185.28035432566], "cooling": [6680.765132419731, 4802.257522138349, 2463.7795402323272, 1489.0427488927241, 1181.2860290795952], "dehum": [0.0, 0.0, 0.0, 0.0, 0.0], "hum": [0.0, 0.0, 0.0, 0.0, 0.0], "total": [1206377.1555898034, 1178098.2222000204, 1149776.910295954, 1121479.1416425982, 1094835.4806691196]}, "humidity control bands": {"fans": [695468.9142857142, 695468.9142857142, 695468.9142857142, 695468.9142857142, 695468.9142857142], "preheat": [0.0, 0.0, 0.0, 0.0, 0.0], "heating": [504227.4761716694, 504227.4761716694, 504227.4761716694, 504227.4761716694, 504227.4761716694], "cooling": [6680.765132419731, 6680.765132419731, 6680.765132419731, 6680.765132419731, 6680.765132419731], "dehum": [0.0, 0.0, 0.0, 0.0, 0.0], "hum": [0.0, 0.0, 0.0, 0.0, 0.0], "total": [1206377.1555898034, 1206377.1555898034, 1206377.1555898034, 1206377.1555898034, 1206377.1555898034]}, "temperature setpoints": {"fans": [695468.9142857142, 695468.9142857142, 695468.9142857142], "preheat": [0.0, 0.0, 0.0], "heating": [504227.4761716694, 422044.6338912911, 591263.4618041057], "cooling": [6680.765132419731, 15539.469001403171, 2102.2540460508676], "dehum": [0.0, 0.0, 0.0], "hum": [0.0, 0.0, 0.0], "total": [1206377.1555898034, 1133053.0171784083, 1288834.6301358705]}}