{"supply airflow": {"absolute": {"fans": [695468.9142857142, 676343.519142857, 657218.124, 638092.7288571427, 618967.3337142859, 599841.9385714286, 580716.5434285714], "preheat": [0.0, 0.0, 0.0, 0.0, 0.0, 0.0, 0.0], "heating": [504227.4761716694, 453666.63943487447, 404421.6689986424, 354379.3288517336, 305934.8087657862, 258978.49083607076, 213491.62497004127], "cooling": [6680.765132419731, 8528.180390099074, 10631.453222424758, 13922.329080826878, 17940.19667387591, 23070.209721196257, 30269.415190642627], "dehum": [0.0, 0.0, 0.0, 0.0, 0.0, 0.0, 0.0], "hum": [0.0, 0.0, 0.0, 0.0, 0.0, 0.0, 0.0], "total": [1206377.1555898034, 1138538.3389678306, 1072271.2462210672, 1006394.3867897032, 942842.339153948, 881890.6391286956, 824477.5835892552]}, "percentage": {"fans": [100, 0.9725, 0.9450000000000001, 0.9175, 0.8900000000000003, 0.8625000000000003, 0.8350000000000002], "preheat": [100, 0, 0, 0, 0, 0, 0], "heating": [100, 0.8997261372571832, 0.8020619424970664, 0.7028163787153113, 0.6067396625994803, 0.5136143964274944, 0.42340339441826824], "cooling": [100, 1.2765274966357365, 1.5913526387619186, 2.0839423037439273, 2.6853506025556215, 3.453228674249228, 4.530830614558551], "dehum": [100, 0, 0, 0, 0, 0, 0], "hum": [100, 0, 0, 0, 0, 0, 0], "total": [100, 0.9437664943275504, 0.8888358348404142, 0.8342286507387255, 0.7815485686091163, 0.7310239878485889, 0.6834326891627556]}, "value": [1, 0.95, 0.9, 0.85, 0.8, 0.75, 0.7]}, "temperature control bands": {"absolute": {"fans": [695468.9142857142, 695468.9142857142, 695468.9142857142, 695468.9142857142, 695468.9142857142, 695468.9142857142], "preheat": [0.0, 0.0, 0.0, 0.0, 0.0, 0.0], "heating": [504227.4761716694, 477827.050392168, 451844.2164700074, 424521.18460799137, 398185.28035432566, 41688.0613956622], "cooling": [6680.765132419731, 4802.257522138349, 2463.7795402323272, 1489.0427488927241, 1181.2860290795952, 0.0], "dehum": [0.0, 0.0, 0.0, 0.0, 0.0, 0.0], "hum": [0.0, 0.0, 0.0, 0.0, 0.0, 0.0], "total": [1206377.1555898034, 1178098.2222000204, 1149776.910295954, 1121479.1416425982, 1094835.4806691196, 737156.9756813764]}, "percentage": {"fans": [100, 1.0, 1.0, 1.0, 1.0, 1.0], "preheat": [100, 0, 0, 0, 0, 0], "heating": [100, 0.9476418342373054, 0.8961118499543496, 0.8419239424062223, 0.7896937377898054, 0.0826770919192612], "cooling": [100, 0.7188184926355884, 0.3687870313351312, 0.22288506172247402, 0.17681897292679422, 0.0], "dehum": [100, 0, 0, 0, 0, 0], "hum": [100, 0, 0, 0, 0, 0], "total": [100, 0.9765587956811423, 0.9530824626182702, 0.9296256452189713, 0.9075399642608861, 0.6110501780191427]}, "value": [0, 0.5, 1, 1.5, 2, 10]}, "humidity control bands": {"absolute": {"fans": [695468.9142857142, 695468.9142857142, 695468.9142857142, 695468.9142857142, 695468.9142857142], "preheat": [0.0, 0.0, 0.0, 0.0, 0.0], "heating": [504227.4761716694, 504227.4761716694, 504227.4761716694, 504227.4761716694, 504227.4761716694], "cooling": [6680.765132419731, 6680.765132419731, 6680.765132419731, 6680.765132419731, 6680.765132419731], "dehum": [0.0, 0.0, 0.0, 0.0, 0.0], "hum": [0.0, 0.0, 0.0, 0.0, 0.0], "total": [1206377.1555898034, 1206377.1555898034, 1206377.1555898034, 1206377.1555898034, 1206377.1555898034]}, "percentage": {"fans": [100, 1.0, 1.0, 1.0, 1.0], "preheat": [100, 0, 0, 0, 0], "heating": [100, 1.0, 1.0, 1.0, 1.0], "cooling": [100, 1.0, 1.0, 1.0, 1.0], "dehum": [100, 0, 0, 0, 0], "hum": [100, 0, 0, 0, 0], "total": [100, 1.0, 1.0, 1.0, 1.0]}, "value": [0, 0.05, 0.1, 0.15, 0.2]}, "temperature setpoints": {"absolute": {"fans": [695468.9142857142, 695468.9142857142, 695468.9142857142], "preheat": [0.0, 0.0, 0.0], "heating": [504227.4761716694, 422044.6338912911, 591263.4618041057], "cooling": [6680.765132419731, 15539.469001403171, 2102.2540460508676], "dehum": [0.0, 0.0, 0.0], "hum": [0.0, 0.0, 0.0], "total": [1206377.1555898034, 1133053.0171784083, 1288834.6301358705]}, "percentage": {"fans": [100, 1.0, 1.0], "preheat": [100, 0, 0], "heating": [100, 0.8370123680995157, 1.1726125404614087], "cooling": [100, 2.3260013925642786, 0.3146726466777383], "dehum": [100, 0, 0], "hum": [100, 0, 0], "total": [100, 0.9392195566107628, 1.0683513229374386]}, "value": [0, -1, 1]}}